mixture_path,vocals_path,drums_path,bass_path,other_path,duration
014f3712-293b-42af-9f29-0ed1785be792\mixture.wav,014f3712-293b-42af-9f29-0ed1785be792\vocals.wav,014f3712-293b-42af-9f29-0ed1785be792\drums.wav,014f3712-293b-42af-9f29-0ed1785be792\bass.wav,014f3712-293b-42af-9f29-0ed1785be792\other.wav,344
0177be35-64de-469b-908b-2d9edb49c053\mixture.wav,0177be35-64de-469b-908b-2d9edb49c053\vocals.wav,0177be35-64de-469b-908b-2d9edb49c053\drums.wav,0177be35-64de-469b-908b-2d9edb49c053\bass.wav,0177be35-64de-469b-908b-2d9edb49c053\other.wav,227
02ee37da-eea3-42b4-83bf-ab7f243afa13\mixture.wav,02ee37da-eea3-42b4-83bf-ab7f243afa13\vocals.wav,02ee37da-eea3-42b4-83bf-ab7f243afa13\drums.wav,02ee37da-eea3-42b4-83bf-ab7f243afa13\bass.wav,02ee37da-eea3-42b4-83bf-ab7f243afa13\other.wav,231
0358fd1e-244a-4422-9a42-29b5d68f6e4b\mixture.wav,0358fd1e-244a-4422-9a42-29b5d68f6e4b\vocals.wav,0358fd1e-244a-4422-9a42-29b5d68f6e4b\drums.wav,0358fd1e-244a-4422-9a42-29b5d68f6e4b\bass.wav,0358fd1e-244a-4422-9a42-29b5d68f6e4b\other.wav,327
04204031-4f98-44ba-9c47-98c2f2e6b8fc\mixture.wav,04204031-4f98-44ba-9c47-98c2f2e6b8fc\vocals.wav,04204031-4f98-44ba-9c47-98c2f2e6b8fc\drums.wav,04204031-4f98-44ba-9c47-98c2f2e6b8fc\bass.wav,04204031-4f98-44ba-9c47-98c2f2e6b8fc\other.wav,149
045dcfd1-e960-4332-80cc-fdacc4a7c6a7\mixture.wav,045dcfd1-e960-4332-80cc-fdacc4a7c6a7\vocals.wav,045dcfd1-e960-4332-80cc-fdacc4a7c6a7\drums.wav,045dcfd1-e960-4332-80cc-fdacc4a7c6a7\bass.wav,045dcfd1-e960-4332-80cc-fdacc4a7c6a7\other.wav,177
046ab651-a333-46e1-9d27-ab14ee036c42\mixture.wav,046ab651-a333-46e1-9d27-ab14ee036c42\vocals.wav,046ab651-a333-46e1-9d27-ab14ee036c42\drums.wav,046ab651-a333-46e1-9d27-ab14ee036c42\bass.wav,046ab651-a333-46e1-9d27-ab14ee036c42\other.wav,176
04798708-6915-4dbc-842e-d394d545d4eb\mixture.wav,04798708-6915-4dbc-842e-d394d545d4eb\vocals.wav,04798708-6915-4dbc-842e-d394d545d4eb\drums.wav,04798708-6915-4dbc-842e-d394d545d4eb\bass.wav,04798708-6915-4dbc-842e-d394d545d4eb\other.wav,204
05b0ab77-2495-438d-8831-e3d81f96c16d\mixture.wav,05b0ab77-2495-438d-8831-e3d81f96c16d\vocals.wav,05b0ab77-2495-438d-8831-e3d81f96c16d\drums.wav,05b0ab77-2495-438d-8831-e3d81f96c16d\bass.wav,05b0ab77-2495-438d-8831-e3d81f96c16d\other.wav,225
05e7af85-9721-4b42-952a-ccd34feb6033\mixture.wav,05e7af85-9721-4b42-952a-ccd34feb6033\vocals.wav,05e7af85-9721-4b42-952a-ccd34feb6033\drums.wav,05e7af85-9721-4b42-952a-ccd34feb6033\bass.wav,05e7af85-9721-4b42-952a-ccd34feb6033\other.wav,176
06114cc2-e34d-4f8f-82d3-cf6981572f2f\mixture.wav,06114cc2-e34d-4f8f-82d3-cf6981572f2f\vocals.wav,06114cc2-e34d-4f8f-82d3-cf6981572f2f\drums.wav,06114cc2-e34d-4f8f-82d3-cf6981572f2f\bass.wav,06114cc2-e34d-4f8f-82d3-cf6981572f2f\other.wav,121
06bfc6e7-e5ac-4827-bf8e-ffaf1675872f\mixture.wav,06bfc6e7-e5ac-4827-bf8e-ffaf1675872f\vocals.wav,06bfc6e7-e5ac-4827-bf8e-ffaf1675872f\drums.wav,06bfc6e7-e5ac-4827-bf8e-ffaf1675872f\bass.wav,06bfc6e7-e5ac-4827-bf8e-ffaf1675872f\other.wav,56
07fb2df2-91d6-458d-9230-9638b4edac08\mixture.wav,07fb2df2-91d6-458d-9230-9638b4edac08\vocals.wav,07fb2df2-91d6-458d-9230-9638b4edac08\drums.wav,07fb2df2-91d6-458d-9230-9638b4edac08\bass.wav,07fb2df2-91d6-458d-9230-9638b4edac08\other.wav,206
0a589d65-50a3-4999-8f16-b5b6199bceee\mixture.wav,0a589d65-50a3-4999-8f16-b5b6199bceee\vocals.wav,0a589d65-50a3-4999-8f16-b5b6199bceee\drums.wav,0a589d65-50a3-4999-8f16-b5b6199bceee\bass.wav,0a589d65-50a3-4999-8f16-b5b6199bceee\other.wav,243
0d528a19-cb0f-4421-b250-444f9343e51c\mixture.wav,0d528a19-cb0f-4421-b250-444f9343e51c\vocals.wav,0d528a19-cb0f-4421-b250-444f9343e51c\drums.wav,0d528a19-cb0f-4421-b250-444f9343e51c\bass.wav,0d528a19-cb0f-4421-b250-444f9343e51c\other.wav,89
0e0d57cd-8662-4091-86d4-ed3e35d04ef6\mixture.wav,0e0d57cd-8662-4091-86d4-ed3e35d04ef6\vocals.wav,0e0d57cd-8662-4091-86d4-ed3e35d04ef6\drums.wav,0e0d57cd-8662-4091-86d4-ed3e35d04ef6\bass.wav,0e0d57cd-8662-4091-86d4-ed3e35d04ef6\other.wav,233
0f5fb60c-51d4-4618-871d-650c9e927b79\mixture.wav,0f5fb60c-51d4-4618-871d-650c9e927b79\vocals.wav,0f5fb60c-51d4-4618-871d-650c9e927b79\drums.wav,0f5fb60c-51d4-4618-871d-650c9e927b79\bass.wav,0f5fb60c-51d4-4618-871d-650c9e927b79\other.wav,241
125fc63d-9b69-4170-a46a-42c91bc28446\mixture.wav,125fc63d-9b69-4170-a46a-42c91bc28446\vocals.wav,125fc63d-9b69-4170-a46a-42c91bc28446\drums.wav,125fc63d-9b69-4170-a46a-42c91bc28446\bass.wav,125fc63d-9b69-4170-a46a-42c91bc28446\other.wav,187
13f233aa-a2e5-4683-8533-2f1e344b55b4\mixture.wav,13f233aa-a2e5-4683-8533-2f1e344b55b4\vocals.wav,13f233aa-a2e5-4683-8533-2f1e344b55b4\drums.wav,13f233aa-a2e5-4683-8533-2f1e344b55b4\bass.wav,13f233aa-a2e5-4683-8533-2f1e344b55b4\other.wav,254
152d4f5d-4093-4fa4-a4a4-8a9b3502d89d\mixture.wav,152d4f5d-4093-4fa4-a4a4-8a9b3502d89d\vocals.wav,152d4f5d-4093-4fa4-a4a4-8a9b3502d89d\drums.wav,152d4f5d-4093-4fa4-a4a4-8a9b3502d89d\bass.wav,152d4f5d-4093-4fa4-a4a4-8a9b3502d89d\other.wav,160
169628c5-266d-4e11-993b-440fa5fa2167\mixture.wav,169628c5-266d-4e11-993b-440fa5fa2167\vocals.wav,169628c5-266d-4e11-993b-440fa5fa2167\drums.wav,169628c5-266d-4e11-993b-440fa5fa2167\bass.wav,169628c5-266d-4e11-993b-440fa5fa2167\other.wav,346
16fb6c39-3834-4cfc-abf4-abb4a8d4646c\mixture.wav,16fb6c39-3834-4cfc-abf4-abb4a8d4646c\vocals.wav,16fb6c39-3834-4cfc-abf4-abb4a8d4646c\drums.wav,16fb6c39-3834-4cfc-abf4-abb4a8d4646c\bass.wav,16fb6c39-3834-4cfc-abf4-abb4a8d4646c\other.wav,320
174a115f-3688-45dc-8c39-9d05f21758e1\mixture.wav,174a115f-3688-45dc-8c39-9d05f21758e1\vocals.wav,174a115f-3688-45dc-8c39-9d05f21758e1\drums.wav,174a115f-3688-45dc-8c39-9d05f21758e1\bass.wav,174a115f-3688-45dc-8c39-9d05f21758e1\other.wav,240
1921a83e-0373-4bf7-8dc9-6cc9401c9309\mixture.wav,1921a83e-0373-4bf7-8dc9-6cc9401c9309\vocals.wav,1921a83e-0373-4bf7-8dc9-6cc9401c9309\drums.wav,1921a83e-0373-4bf7-8dc9-6cc9401c9309\bass.wav,1921a83e-0373-4bf7-8dc9-6cc9401c9309\other.wav,101
1a32e987-cae8-458f-9c26-d9a6abf5348d\mixture.wav,1a32e987-cae8-458f-9c26-d9a6abf5348d\vocals.wav,1a32e987-cae8-458f-9c26-d9a6abf5348d\drums.wav,1a32e987-cae8-458f-9c26-d9a6abf5348d\bass.wav,1a32e987-cae8-458f-9c26-d9a6abf5348d\other.wav,244
1ade22ad-99bc-4954-b2b9-fb9e8fa06d41\mixture.wav,1ade22ad-99bc-4954-b2b9-fb9e8fa06d41\vocals.wav,1ade22ad-99bc-4954-b2b9-fb9e8fa06d41\drums.wav,1ade22ad-99bc-4954-b2b9-fb9e8fa06d41\bass.wav,1ade22ad-99bc-4954-b2b9-fb9e8fa06d41\other.wav,207
1afe1b3b-3e2e-48d3-b859-f50e222cbaf4\mixture.wav,1afe1b3b-3e2e-48d3-b859-f50e222cbaf4\vocals.wav,1afe1b3b-3e2e-48d3-b859-f50e222cbaf4\drums.wav,1afe1b3b-3e2e-48d3-b859-f50e222cbaf4\bass.wav,1afe1b3b-3e2e-48d3-b859-f50e222cbaf4\other.wav,236
1ee489e8-55ad-4d4a-8277-24051b85c02d\mixture.wav,1ee489e8-55ad-4d4a-8277-24051b85c02d\vocals.wav,1ee489e8-55ad-4d4a-8277-24051b85c02d\drums.wav,1ee489e8-55ad-4d4a-8277-24051b85c02d\bass.wav,1ee489e8-55ad-4d4a-8277-24051b85c02d\other.wav,192
1f98fe4d-26c7-460f-9f68-33964bc4d8d3\mixture.wav,1f98fe4d-26c7-460f-9f68-33964bc4d8d3\vocals.wav,1f98fe4d-26c7-460f-9f68-33964bc4d8d3\drums.wav,1f98fe4d-26c7-460f-9f68-33964bc4d8d3\bass.wav,1f98fe4d-26c7-460f-9f68-33964bc4d8d3\other.wav,200
1fc37390-1769-452d-9bea-19025be4c467\mixture.wav,1fc37390-1769-452d-9bea-19025be4c467\vocals.wav,1fc37390-1769-452d-9bea-19025be4c467\drums.wav,1fc37390-1769-452d-9bea-19025be4c467\bass.wav,1fc37390-1769-452d-9bea-19025be4c467\other.wav,210
212bb137-fd01-465e-80f3-a890fb0ebcdd\mixture.wav,212bb137-fd01-465e-80f3-a890fb0ebcdd\vocals.wav,212bb137-fd01-465e-80f3-a890fb0ebcdd\drums.wav,212bb137-fd01-465e-80f3-a890fb0ebcdd\bass.wav,212bb137-fd01-465e-80f3-a890fb0ebcdd\other.wav,300
22d265ef-ee2b-4aba-8d60-c3430295cd6d\mixture.wav,22d265ef-ee2b-4aba-8d60-c3430295cd6d\vocals.wav,22d265ef-ee2b-4aba-8d60-c3430295cd6d\drums.wav,22d265ef-ee2b-4aba-8d60-c3430295cd6d\bass.wav,22d265ef-ee2b-4aba-8d60-c3430295cd6d\other.wav,204
22ea41a3-1766-4a76-8071-380b27f1869a\mixture.wav,22ea41a3-1766-4a76-8071-380b27f1869a\vocals.wav,22ea41a3-1766-4a76-8071-380b27f1869a\drums.wav,22ea41a3-1766-4a76-8071-380b27f1869a\bass.wav,22ea41a3-1766-4a76-8071-380b27f1869a\other.wav,99
24f8a652-0168-4702-8725-42f9924e6729\mixture.wav,24f8a652-0168-4702-8725-42f9924e6729\vocals.wav,24f8a652-0168-4702-8725-42f9924e6729\drums.wav,24f8a652-0168-4702-8725-42f9924e6729\bass.wav,24f8a652-0168-4702-8725-42f9924e6729\other.wav,256
25789239-1075-43b9-bfc9-51dff4a29590\mixture.wav,25789239-1075-43b9-bfc9-51dff4a29590\vocals.wav,25789239-1075-43b9-bfc9-51dff4a29590\drums.wav,25789239-1075-43b9-bfc9-51dff4a29590\bass.wav,25789239-1075-43b9-bfc9-51dff4a29590\other.wav,171
260c431b-72d4-4ac6-bae5-ee49ce5c0fe4\mixture.wav,260c431b-72d4-4ac6-bae5-ee49ce5c0fe4\vocals.wav,260c431b-72d4-4ac6-bae5-ee49ce5c0fe4\drums.wav,260c431b-72d4-4ac6-bae5-ee49ce5c0fe4\bass.wav,260c431b-72d4-4ac6-bae5-ee49ce5c0fe4\other.wav,203
28748b6e-6125-42f7-998d-2ad734e39b6c\mixture.wav,28748b6e-6125-42f7-998d-2ad734e39b6c\vocals.wav,28748b6e-6125-42f7-998d-2ad734e39b6c\drums.wav,28748b6e-6125-42f7-998d-2ad734e39b6c\bass.wav,28748b6e-6125-42f7-998d-2ad734e39b6c\other.wav,202
2973adc9-6bf8-4422-9f7a-6fd0038eb565\mixture.wav,2973adc9-6bf8-4422-9f7a-6fd0038eb565\vocals.wav,2973adc9-6bf8-4422-9f7a-6fd0038eb565\drums.wav,2973adc9-6bf8-4422-9f7a-6fd0038eb565\bass.wav,2973adc9-6bf8-4422-9f7a-6fd0038eb565\other.wav,75
2a3fd99d-c86f-4275-9321-ad7146364503\mixture.wav,2a3fd99d-c86f-4275-9321-ad7146364503\vocals.wav,2a3fd99d-c86f-4275-9321-ad7146364503\drums.wav,2a3fd99d-c86f-4275-9321-ad7146364503\bass.wav,2a3fd99d-c86f-4275-9321-ad7146364503\other.wav,224
2b4e8304-c92d-4347-b09e-cfb9b3e29bf2\mixture.wav,2b4e8304-c92d-4347-b09e-cfb9b3e29bf2\vocals.wav,2b4e8304-c92d-4347-b09e-cfb9b3e29bf2\drums.wav,2b4e8304-c92d-4347-b09e-cfb9b3e29bf2\bass.wav,2b4e8304-c92d-4347-b09e-cfb9b3e29bf2\other.wav,186
2c020edb-5947-4fa7-afea-ebc592cea683\mixture.wav,2c020edb-5947-4fa7-afea-ebc592cea683\vocals.wav,2c020edb-5947-4fa7-afea-ebc592cea683\drums.wav,2c020edb-5947-4fa7-afea-ebc592cea683\bass.wav,2c020edb-5947-4fa7-afea-ebc592cea683\other.wav,314
2dc237cd-1637-46f0-8f58-ca68dc6f6031\mixture.wav,2dc237cd-1637-46f0-8f58-ca68dc6f6031\vocals.wav,2dc237cd-1637-46f0-8f58-ca68dc6f6031\drums.wav,2dc237cd-1637-46f0-8f58-ca68dc6f6031\bass.wav,2dc237cd-1637-46f0-8f58-ca68dc6f6031\other.wav,186
2e5d996d-43f3-4359-b7c5-afebe9997556\mixture.wav,2e5d996d-43f3-4359-b7c5-afebe9997556\vocals.wav,2e5d996d-43f3-4359-b7c5-afebe9997556\drums.wav,2e5d996d-43f3-4359-b7c5-afebe9997556\bass.wav,2e5d996d-43f3-4359-b7c5-afebe9997556\other.wav,218
30cfc60a-5a57-4000-a05e-65006c8f6f74\mixture.wav,30cfc60a-5a57-4000-a05e-65006c8f6f74\vocals.wav,30cfc60a-5a57-4000-a05e-65006c8f6f74\drums.wav,30cfc60a-5a57-4000-a05e-65006c8f6f74\bass.wav,30cfc60a-5a57-4000-a05e-65006c8f6f74\other.wav,230
312bec8d-1c61-43e0-924a-1fb87ddc3e41\mixture.wav,312bec8d-1c61-43e0-924a-1fb87ddc3e41\vocals.wav,312bec8d-1c61-43e0-924a-1fb87ddc3e41\drums.wav,312bec8d-1c61-43e0-924a-1fb87ddc3e41\bass.wav,312bec8d-1c61-43e0-924a-1fb87ddc3e41\other.wav,228
322f4d9d-b0c9-4ab3-9e30-544a25331ffd\mixture.wav,322f4d9d-b0c9-4ab3-9e30-544a25331ffd\vocals.wav,322f4d9d-b0c9-4ab3-9e30-544a25331ffd\drums.wav,322f4d9d-b0c9-4ab3-9e30-544a25331ffd\bass.wav,322f4d9d-b0c9-4ab3-9e30-544a25331ffd\other.wav,248
334ed0e5-1761-4ee9-9d39-a555eb9b64a0\mixture.wav,334ed0e5-1761-4ee9-9d39-a555eb9b64a0\vocals.wav,334ed0e5-1761-4ee9-9d39-a555eb9b64a0\drums.wav,334ed0e5-1761-4ee9-9d39-a555eb9b64a0\bass.wav,334ed0e5-1761-4ee9-9d39-a555eb9b64a0\other.wav,91
35a19148-49bf-451d-9a0e-5ab8e914c367\mixture.wav,35a19148-49bf-451d-9a0e-5ab8e914c367\vocals.wav,35a19148-49bf-451d-9a0e-5ab8e914c367\drums.wav,35a19148-49bf-451d-9a0e-5ab8e914c367\bass.wav,35a19148-49bf-451d-9a0e-5ab8e914c367\other.wav,184
36ee7fc6-604c-4a75-b4f0-0a9ceef3b9cb\mixture.wav,36ee7fc6-604c-4a75-b4f0-0a9ceef3b9cb\vocals.wav,36ee7fc6-604c-4a75-b4f0-0a9ceef3b9cb\drums.wav,36ee7fc6-604c-4a75-b4f0-0a9ceef3b9cb\bass.wav,36ee7fc6-604c-4a75-b4f0-0a9ceef3b9cb\other.wav,245
378742ba-5ba8-44c2-9cfd-8a609decca57\mixture.wav,378742ba-5ba8-44c2-9cfd-8a609decca57\vocals.wav,378742ba-5ba8-44c2-9cfd-8a609decca57\drums.wav,378742ba-5ba8-44c2-9cfd-8a609decca57\bass.wav,378742ba-5ba8-44c2-9cfd-8a609decca57\other.wav,91
390b4fea-92be-4fe3-9576-86529f80b4ae\mixture.wav,390b4fea-92be-4fe3-9576-86529f80b4ae\vocals.wav,390b4fea-92be-4fe3-9576-86529f80b4ae\drums.wav,390b4fea-92be-4fe3-9576-86529f80b4ae\bass.wav,390b4fea-92be-4fe3-9576-86529f80b4ae\other.wav,198
3a047d1a-f56d-4bf4-9910-f4f77206e53d\mixture.wav,3a047d1a-f56d-4bf4-9910-f4f77206e53d\vocals.wav,3a047d1a-f56d-4bf4-9910-f4f77206e53d\drums.wav,3a047d1a-f56d-4bf4-9910-f4f77206e53d\bass.wav,3a047d1a-f56d-4bf4-9910-f4f77206e53d\other.wav,260
3a6023c3-4cd8-46c0-a376-d353743648a9\mixture.wav,3a6023c3-4cd8-46c0-a376-d353743648a9\vocals.wav,3a6023c3-4cd8-46c0-a376-d353743648a9\drums.wav,3a6023c3-4cd8-46c0-a376-d353743648a9\bass.wav,3a6023c3-4cd8-46c0-a376-d353743648a9\other.wav,244
3c3b5fdb-f15e-4ba4-884a-b083ce2426c6\mixture.wav,3c3b5fdb-f15e-4ba4-884a-b083ce2426c6\vocals.wav,3c3b5fdb-f15e-4ba4-884a-b083ce2426c6\drums.wav,3c3b5fdb-f15e-4ba4-884a-b083ce2426c6\bass.wav,3c3b5fdb-f15e-4ba4-884a-b083ce2426c6\other.wav,182
3c557409-3a34-43c2-9159-5421bbad5ecb\mixture.wav,3c557409-3a34-43c2-9159-5421bbad5ecb\vocals.wav,3c557409-3a34-43c2-9159-5421bbad5ecb\drums.wav,3c557409-3a34-43c2-9159-5421bbad5ecb\bass.wav,3c557409-3a34-43c2-9159-5421bbad5ecb\other.wav,598
3e389000-8fdc-4b63-b8b8-ab044273790d\mixture.wav,3e389000-8fdc-4b63-b8b8-ab044273790d\vocals.wav,3e389000-8fdc-4b63-b8b8-ab044273790d\drums.wav,3e389000-8fdc-4b63-b8b8-ab044273790d\bass.wav,3e389000-8fdc-4b63-b8b8-ab044273790d\other.wav,228
3e41f238-7c48-4a42-ba70-5ee39824a844\mixture.wav,3e41f238-7c48-4a42-ba70-5ee39824a844\vocals.wav,3e41f238-7c48-4a42-ba70-5ee39824a844\drums.wav,3e41f238-7c48-4a42-ba70-5ee39824a844\bass.wav,3e41f238-7c48-4a42-ba70-5ee39824a844\other.wav,208
3e656eec-84d4-4a45-b410-d3817d849f92\mixture.wav,3e656eec-84d4-4a45-b410-d3817d849f92\vocals.wav,3e656eec-84d4-4a45-b410-d3817d849f92\drums.wav,3e656eec-84d4-4a45-b410-d3817d849f92\bass.wav,3e656eec-84d4-4a45-b410-d3817d849f92\other.wav,249
3e7985e5-408f-4cf8-92b9-b9f62f738dd3\mixture.wav,3e7985e5-408f-4cf8-92b9-b9f62f738dd3\vocals.wav,3e7985e5-408f-4cf8-92b9-b9f62f738dd3\drums.wav,3e7985e5-408f-4cf8-92b9-b9f62f738dd3\bass.wav,3e7985e5-408f-4cf8-92b9-b9f62f738dd3\other.wav,227
3f5233cb-57fa-4772-b389-f295a6f416ae\mixture.wav,3f5233cb-57fa-4772-b389-f295a6f416ae\vocals.wav,3f5233cb-57fa-4772-b389-f295a6f416ae\drums.wav,3f5233cb-57fa-4772-b389-f295a6f416ae\bass.wav,3f5233cb-57fa-4772-b389-f295a6f416ae\other.wav,229
4380ad97-2620-4419-a011-ddfa29a87f54\mixture.wav,4380ad97-2620-4419-a011-ddfa29a87f54\vocals.wav,4380ad97-2620-4419-a011-ddfa29a87f54\drums.wav,4380ad97-2620-4419-a011-ddfa29a87f54\bass.wav,4380ad97-2620-4419-a011-ddfa29a87f54\other.wav,214
43ca388d-3e62-4df2-b72d-abf407a7aa5a\mixture.wav,43ca388d-3e62-4df2-b72d-abf407a7aa5a\vocals.wav,43ca388d-3e62-4df2-b72d-abf407a7aa5a\drums.wav,43ca388d-3e62-4df2-b72d-abf407a7aa5a\bass.wav,43ca388d-3e62-4df2-b72d-abf407a7aa5a\other.wav,219
46bc5393-7753-44ae-913b-bd5fa8f33e98\mixture.wav,46bc5393-7753-44ae-913b-bd5fa8f33e98\vocals.wav,46bc5393-7753-44ae-913b-bd5fa8f33e98\drums.wav,46bc5393-7753-44ae-913b-bd5fa8f33e98\bass.wav,46bc5393-7753-44ae-913b-bd5fa8f33e98\other.wav,159
4857878a-e44b-4143-90e9-b65d0b704306\mixture.wav,4857878a-e44b-4143-90e9-b65d0b704306\vocals.wav,4857878a-e44b-4143-90e9-b65d0b704306\drums.wav,4857878a-e44b-4143-90e9-b65d0b704306\bass.wav,4857878a-e44b-4143-90e9-b65d0b704306\other.wav,293
49478a32-483f-48d2-a594-d272b44bf587\mixture.wav,49478a32-483f-48d2-a594-d272b44bf587\vocals.wav,49478a32-483f-48d2-a594-d272b44bf587\drums.wav,49478a32-483f-48d2-a594-d272b44bf587\bass.wav,49478a32-483f-48d2-a594-d272b44bf587\other.wav,256
4999a0bf-a753-4e0e-85b1-690259dabf96\mixture.wav,4999a0bf-a753-4e0e-85b1-690259dabf96\vocals.wav,4999a0bf-a753-4e0e-85b1-690259dabf96\drums.wav,4999a0bf-a753-4e0e-85b1-690259dabf96\bass.wav,4999a0bf-a753-4e0e-85b1-690259dabf96\other.wav,213
49ed7cef-8ffb-4833-bc96-6df7b8ff5b43\mixture.wav,49ed7cef-8ffb-4833-bc96-6df7b8ff5b43\vocals.wav,49ed7cef-8ffb-4833-bc96-6df7b8ff5b43\drums.wav,49ed7cef-8ffb-4833-bc96-6df7b8ff5b43\bass.wav,49ed7cef-8ffb-4833-bc96-6df7b8ff5b43\other.wav,265
4a896cde-57c6-4646-b610-1b0b654d0349\mixture.wav,4a896cde-57c6-4646-b610-1b0b654d0349\vocals.wav,4a896cde-57c6-4646-b610-1b0b654d0349\drums.wav,4a896cde-57c6-4646-b610-1b0b654d0349\bass.wav,4a896cde-57c6-4646-b610-1b0b654d0349\other.wav,166
4b9f86f4-23e4-458b-839e-8a63b584bea3\mixture.wav,4b9f86f4-23e4-458b-839e-8a63b584bea3\vocals.wav,4b9f86f4-23e4-458b-839e-8a63b584bea3\drums.wav,4b9f86f4-23e4-458b-839e-8a63b584bea3\bass.wav,4b9f86f4-23e4-458b-839e-8a63b584bea3\other.wav,198
4cbd6c36-87a2-4d50-86e3-52d39b98fad3\mixture.wav,4cbd6c36-87a2-4d50-86e3-52d39b98fad3\vocals.wav,4cbd6c36-87a2-4d50-86e3-52d39b98fad3\drums.wav,4cbd6c36-87a2-4d50-86e3-52d39b98fad3\bass.wav,4cbd6c36-87a2-4d50-86e3-52d39b98fad3\other.wav,201
53808b95-cfe9-461d-a113-ffadf32817a1\mixture.wav,53808b95-cfe9-461d-a113-ffadf32817a1\vocals.wav,53808b95-cfe9-461d-a113-ffadf32817a1\drums.wav,53808b95-cfe9-461d-a113-ffadf32817a1\bass.wav,53808b95-cfe9-461d-a113-ffadf32817a1\other.wav,206
553048ce-7afd-4e0e-b4cb-4896620287a1\mixture.wav,553048ce-7afd-4e0e-b4cb-4896620287a1\vocals.wav,553048ce-7afd-4e0e-b4cb-4896620287a1\drums.wav,553048ce-7afd-4e0e-b4cb-4896620287a1\bass.wav,553048ce-7afd-4e0e-b4cb-4896620287a1\other.wav,253
5640831d-7853-4d06-8166-988e2844b652\mixture.wav,5640831d-7853-4d06-8166-988e2844b652\vocals.wav,5640831d-7853-4d06-8166-988e2844b652\drums.wav,5640831d-7853-4d06-8166-988e2844b652\bass.wav,5640831d-7853-4d06-8166-988e2844b652\other.wav,189
58efddfb-04b3-4951-858e-e7dbcfccfc21\mixture.wav,58efddfb-04b3-4951-858e-e7dbcfccfc21\vocals.wav,58efddfb-04b3-4951-858e-e7dbcfccfc21\drums.wav,58efddfb-04b3-4951-858e-e7dbcfccfc21\bass.wav,58efddfb-04b3-4951-858e-e7dbcfccfc21\other.wav,195
58fa04aa-426f-4e16-a112-29eb6e2f2d3e\mixture.wav,58fa04aa-426f-4e16-a112-29eb6e2f2d3e\vocals.wav,58fa04aa-426f-4e16-a112-29eb6e2f2d3e\drums.wav,58fa04aa-426f-4e16-a112-29eb6e2f2d3e\bass.wav,58fa04aa-426f-4e16-a112-29eb6e2f2d3e\other.wav,208
5a6df5c7-a58a-479e-bdfb-c5946c221933\mixture.wav,5a6df5c7-a58a-479e-bdfb-c5946c221933\vocals.wav,5a6df5c7-a58a-479e-bdfb-c5946c221933\drums.wav,5a6df5c7-a58a-479e-bdfb-c5946c221933\bass.wav,5a6df5c7-a58a-479e-bdfb-c5946c221933\other.wav,186
5f04798d-c7be-4b8a-90bd-1fcd9946e875\mixture.wav,5f04798d-c7be-4b8a-90bd-1fcd9946e875\vocals.wav,5f04798d-c7be-4b8a-90bd-1fcd9946e875\drums.wav,5f04798d-c7be-4b8a-90bd-1fcd9946e875\bass.wav,5f04798d-c7be-4b8a-90bd-1fcd9946e875\other.wav,252
6031b120-f6e2-4999-96ba-a1e31be68ea8\mixture.wav,6031b120-f6e2-4999-96ba-a1e31be68ea8\vocals.wav,6031b120-f6e2-4999-96ba-a1e31be68ea8\drums.wav,6031b120-f6e2-4999-96ba-a1e31be68ea8\bass.wav,6031b120-f6e2-4999-96ba-a1e31be68ea8\other.wav,248
63b68795-0076-476b-a917-dec9e89bf91e\mixture.wav,63b68795-0076-476b-a917-dec9e89bf91e\vocals.wav,63b68795-0076-476b-a917-dec9e89bf91e\drums.wav,63b68795-0076-476b-a917-dec9e89bf91e\bass.wav,63b68795-0076-476b-a917-dec9e89bf91e\other.wav,274
664cc931-4e00-441e-9a78-e7a292515cea\mixture.wav,664cc931-4e00-441e-9a78-e7a292515cea\vocals.wav,664cc931-4e00-441e-9a78-e7a292515cea\drums.wav,664cc931-4e00-441e-9a78-e7a292515cea\bass.wav,664cc931-4e00-441e-9a78-e7a292515cea\other.wav,224
6681f493-c996-424a-9bdb-c671912ea9db\mixture.wav,6681f493-c996-424a-9bdb-c671912ea9db\vocals.wav,6681f493-c996-424a-9bdb-c671912ea9db\drums.wav,6681f493-c996-424a-9bdb-c671912ea9db\bass.wav,6681f493-c996-424a-9bdb-c671912ea9db\other.wav,292
6b168ae6-9d8a-4dc2-9d27-898e6871bf8b\mixture.wav,6b168ae6-9d8a-4dc2-9d27-898e6871bf8b\vocals.wav,6b168ae6-9d8a-4dc2-9d27-898e6871bf8b\drums.wav,6b168ae6-9d8a-4dc2-9d27-898e6871bf8b\bass.wav,6b168ae6-9d8a-4dc2-9d27-898e6871bf8b\other.wav,212
6c70d5e0-5972-444a-86f8-a558dbb92d92\mixture.wav,6c70d5e0-5972-444a-86f8-a558dbb92d92\vocals.wav,6c70d5e0-5972-444a-86f8-a558dbb92d92\drums.wav,6c70d5e0-5972-444a-86f8-a558dbb92d92\bass.wav,6c70d5e0-5972-444a-86f8-a558dbb92d92\other.wav,197
6cd44645-ed19-4ecc-a57c-58d400005b29\mixture.wav,6cd44645-ed19-4ecc-a57c-58d400005b29\vocals.wav,6cd44645-ed19-4ecc-a57c-58d400005b29\drums.wav,6cd44645-ed19-4ecc-a57c-58d400005b29\bass.wav,6cd44645-ed19-4ecc-a57c-58d400005b29\other.wav,128
6ce087b4-e571-4472-9be2-04b5340311c6\mixture.wav,6ce087b4-e571-4472-9be2-04b5340311c6\vocals.wav,6ce087b4-e571-4472-9be2-04b5340311c6\drums.wav,6ce087b4-e571-4472-9be2-04b5340311c6\bass.wav,6ce087b4-e571-4472-9be2-04b5340311c6\other.wav,217
6ceda40a-88bc-4e98-87c3-dd5c91725d41\mixture.wav,6ceda40a-88bc-4e98-87c3-dd5c91725d41\vocals.wav,6ceda40a-88bc-4e98-87c3-dd5c91725d41\drums.wav,6ceda40a-88bc-4e98-87c3-dd5c91725d41\bass.wav,6ceda40a-88bc-4e98-87c3-dd5c91725d41\other.wav,289
6e50565e-8179-4913-af54-a2a7f0dcab2f\mixture.wav,6e50565e-8179-4913-af54-a2a7f0dcab2f\vocals.wav,6e50565e-8179-4913-af54-a2a7f0dcab2f\drums.wav,6e50565e-8179-4913-af54-a2a7f0dcab2f\bass.wav,6e50565e-8179-4913-af54-a2a7f0dcab2f\other.wav,186
704f1de9-1d02-4c2b-af05-107a7700a51d\mixture.wav,704f1de9-1d02-4c2b-af05-107a7700a51d\vocals.wav,704f1de9-1d02-4c2b-af05-107a7700a51d\drums.wav,704f1de9-1d02-4c2b-af05-107a7700a51d\bass.wav,704f1de9-1d02-4c2b-af05-107a7700a51d\other.wav,287
7180bffa-dd48-49b9-bc02-f6e3f7f165b0\mixture.wav,7180bffa-dd48-49b9-bc02-f6e3f7f165b0\vocals.wav,7180bffa-dd48-49b9-bc02-f6e3f7f165b0\drums.wav,7180bffa-dd48-49b9-bc02-f6e3f7f165b0\bass.wav,7180bffa-dd48-49b9-bc02-f6e3f7f165b0\other.wav,199
72c6f013-11ea-4bf7-93b2-c6ef2c117718\mixture.wav,72c6f013-11ea-4bf7-93b2-c6ef2c117718\vocals.wav,72c6f013-11ea-4bf7-93b2-c6ef2c117718\drums.wav,72c6f013-11ea-4bf7-93b2-c6ef2c117718\bass.wav,72c6f013-11ea-4bf7-93b2-c6ef2c117718\other.wav,265
731893c6-67b9-42f0-aea6-d1f70c2c9870\mixture.wav,731893c6-67b9-42f0-aea6-d1f70c2c9870\vocals.wav,731893c6-67b9-42f0-aea6-d1f70c2c9870\drums.wav,731893c6-67b9-42f0-aea6-d1f70c2c9870\bass.wav,731893c6-67b9-42f0-aea6-d1f70c2c9870\other.wav,234
737356b2-ce9c-448b-877b-e42b3ed94563\mixture.wav,737356b2-ce9c-448b-877b-e42b3ed94563\vocals.wav,737356b2-ce9c-448b-877b-e42b3ed94563\drums.wav,737356b2-ce9c-448b-877b-e42b3ed94563\bass.wav,737356b2-ce9c-448b-877b-e42b3ed94563\other.wav,210
747d5c98-665b-4470-a696-7a6cf6968ef1\mixture.wav,747d5c98-665b-4470-a696-7a6cf6968ef1\vocals.wav,747d5c98-665b-4470-a696-7a6cf6968ef1\drums.wav,747d5c98-665b-4470-a696-7a6cf6968ef1\bass.wav,747d5c98-665b-4470-a696-7a6cf6968ef1\other.wav,187
7524054e-dc67-47e0-8c26-ea1d4d70d2fb\mixture.wav,7524054e-dc67-47e0-8c26-ea1d4d70d2fb\vocals.wav,7524054e-dc67-47e0-8c26-ea1d4d70d2fb\drums.wav,7524054e-dc67-47e0-8c26-ea1d4d70d2fb\bass.wav,7524054e-dc67-47e0-8c26-ea1d4d70d2fb\other.wav,196
763641c7-488f-4959-a554-fdbce9582644\mixture.wav,763641c7-488f-4959-a554-fdbce9582644\vocals.wav,763641c7-488f-4959-a554-fdbce9582644\drums.wav,763641c7-488f-4959-a554-fdbce9582644\bass.wav,763641c7-488f-4959-a554-fdbce9582644\other.wav,172
765d5131-afd9-4ad7-8786-8bef5705c1c2\mixture.wav,765d5131-afd9-4ad7-8786-8bef5705c1c2\vocals.wav,765d5131-afd9-4ad7-8786-8bef5705c1c2\drums.wav,765d5131-afd9-4ad7-8786-8bef5705c1c2\bass.wav,765d5131-afd9-4ad7-8786-8bef5705c1c2\other.wav,187
78ef22ce-472f-4f82-8656-16df73b9465f\mixture.wav,78ef22ce-472f-4f82-8656-16df73b9465f\vocals.wav,78ef22ce-472f-4f82-8656-16df73b9465f\drums.wav,78ef22ce-472f-4f82-8656-16df73b9465f\bass.wav,78ef22ce-472f-4f82-8656-16df73b9465f\other.wav,182
7a9f3169-7bdf-483c-9634-8e5b097d50df\mixture.wav,7a9f3169-7bdf-483c-9634-8e5b097d50df\vocals.wav,7a9f3169-7bdf-483c-9634-8e5b097d50df\drums.wav,7a9f3169-7bdf-483c-9634-8e5b097d50df\bass.wav,7a9f3169-7bdf-483c-9634-8e5b097d50df\other.wav,292
7ba734f0-547e-4142-a9b4-01a0c25b9d1f\mixture.wav,7ba734f0-547e-4142-a9b4-01a0c25b9d1f\vocals.wav,7ba734f0-547e-4142-a9b4-01a0c25b9d1f\drums.wav,7ba734f0-547e-4142-a9b4-01a0c25b9d1f\bass.wav,7ba734f0-547e-4142-a9b4-01a0c25b9d1f\other.wav,245
7bfa233c-24ed-4c7a-9096-11e3aa00c55d\mixture.wav,7bfa233c-24ed-4c7a-9096-11e3aa00c55d\vocals.wav,7bfa233c-24ed-4c7a-9096-11e3aa00c55d\drums.wav,7bfa233c-24ed-4c7a-9096-11e3aa00c55d\bass.wav,7bfa233c-24ed-4c7a-9096-11e3aa00c55d\other.wav,312
7dd515b0-e218-425d-b8bf-a75056237d6a\mixture.wav,7dd515b0-e218-425d-b8bf-a75056237d6a\vocals.wav,7dd515b0-e218-425d-b8bf-a75056237d6a\drums.wav,7dd515b0-e218-425d-b8bf-a75056237d6a\bass.wav,7dd515b0-e218-425d-b8bf-a75056237d6a\other.wav,146
7e74ce11-1603-440b-8794-b6e665b917e1\mixture.wav,7e74ce11-1603-440b-8794-b6e665b917e1\vocals.wav,7e74ce11-1603-440b-8794-b6e665b917e1\drums.wav,7e74ce11-1603-440b-8794-b6e665b917e1\bass.wav,7e74ce11-1603-440b-8794-b6e665b917e1\other.wav,299
7efcb55d-c0db-472f-b765-1739ad7536aa\mixture.wav,7efcb55d-c0db-472f-b765-1739ad7536aa\vocals.wav,7efcb55d-c0db-472f-b765-1739ad7536aa\drums.wav,7efcb55d-c0db-472f-b765-1739ad7536aa\bass.wav,7efcb55d-c0db-472f-b765-1739ad7536aa\other.wav,232
8042b88a-6179-406b-9ec4-b45a4cdd4a71\mixture.wav,8042b88a-6179-406b-9ec4-b45a4cdd4a71\vocals.wav,8042b88a-6179-406b-9ec4-b45a4cdd4a71\drums.wav,8042b88a-6179-406b-9ec4-b45a4cdd4a71\bass.wav,8042b88a-6179-406b-9ec4-b45a4cdd4a71\other.wav,254
825f697d-5fcd-4429-ba33-23163c726ca7\mixture.wav,825f697d-5fcd-4429-ba33-23163c726ca7\vocals.wav,825f697d-5fcd-4429-ba33-23163c726ca7\drums.wav,825f697d-5fcd-4429-ba33-23163c726ca7\bass.wav,825f697d-5fcd-4429-ba33-23163c726ca7\other.wav,174
8427760a-b82e-4136-8f12-dfd53cad9bc9\mixture.wav,8427760a-b82e-4136-8f12-dfd53cad9bc9\vocals.wav,8427760a-b82e-4136-8f12-dfd53cad9bc9\drums.wav,8427760a-b82e-4136-8f12-dfd53cad9bc9\bass.wav,8427760a-b82e-4136-8f12-dfd53cad9bc9\other.wav,64
87a5da23-f17b-44da-accf-c04832f81a14\mixture.wav,87a5da23-f17b-44da-accf-c04832f81a14\vocals.wav,87a5da23-f17b-44da-accf-c04832f81a14\drums.wav,87a5da23-f17b-44da-accf-c04832f81a14\bass.wav,87a5da23-f17b-44da-accf-c04832f81a14\other.wav,223
8804c154-6294-481a-ad63-bc61162cae2f\mixture.wav,8804c154-6294-481a-ad63-bc61162cae2f\vocals.wav,8804c154-6294-481a-ad63-bc61162cae2f\drums.wav,8804c154-6294-481a-ad63-bc61162cae2f\bass.wav,8804c154-6294-481a-ad63-bc61162cae2f\other.wav,218
88b545e5-4d06-4d55-a306-1bd3a2915ee5\mixture.wav,88b545e5-4d06-4d55-a306-1bd3a2915ee5\vocals.wav,88b545e5-4d06-4d55-a306-1bd3a2915ee5\drums.wav,88b545e5-4d06-4d55-a306-1bd3a2915ee5\bass.wav,88b545e5-4d06-4d55-a306-1bd3a2915ee5\other.wav,366
89c515c9-5e93-4cb4-9806-20432d2d074d\mixture.wav,89c515c9-5e93-4cb4-9806-20432d2d074d\vocals.wav,89c515c9-5e93-4cb4-9806-20432d2d074d\drums.wav,89c515c9-5e93-4cb4-9806-20432d2d074d\bass.wav,89c515c9-5e93-4cb4-9806-20432d2d074d\other.wav,260
89f2c781-5c67-4508-a2d6-236744b8c197\mixture.wav,89f2c781-5c67-4508-a2d6-236744b8c197\vocals.wav,89f2c781-5c67-4508-a2d6-236744b8c197\drums.wav,89f2c781-5c67-4508-a2d6-236744b8c197\bass.wav,89f2c781-5c67-4508-a2d6-236744b8c197\other.wav,184
8a6c9c1f-4865-404f-a805-1949de36a33c\mixture.wav,8a6c9c1f-4865-404f-a805-1949de36a33c\vocals.wav,8a6c9c1f-4865-404f-a805-1949de36a33c\drums.wav,8a6c9c1f-4865-404f-a805-1949de36a33c\bass.wav,8a6c9c1f-4865-404f-a805-1949de36a33c\other.wav,107
8b83ba75-5e35-48c4-b42f-5419da2e6301\mixture.wav,8b83ba75-5e35-48c4-b42f-5419da2e6301\vocals.wav,8b83ba75-5e35-48c4-b42f-5419da2e6301\drums.wav,8b83ba75-5e35-48c4-b42f-5419da2e6301\bass.wav,8b83ba75-5e35-48c4-b42f-5419da2e6301\other.wav,170
8ce11544-9a6f-4f1e-ac2f-fc10343f15c8\mixture.wav,8ce11544-9a6f-4f1e-ac2f-fc10343f15c8\vocals.wav,8ce11544-9a6f-4f1e-ac2f-fc10343f15c8\drums.wav,8ce11544-9a6f-4f1e-ac2f-fc10343f15c8\bass.wav,8ce11544-9a6f-4f1e-ac2f-fc10343f15c8\other.wav,186
8e2d0c5c-6764-4d74-a740-391d7931ffd7\mixture.wav,8e2d0c5c-6764-4d74-a740-391d7931ffd7\vocals.wav,8e2d0c5c-6764-4d74-a740-391d7931ffd7\drums.wav,8e2d0c5c-6764-4d74-a740-391d7931ffd7\bass.wav,8e2d0c5c-6764-4d74-a740-391d7931ffd7\other.wav,153
8f36f17f-c033-4c1b-a793-80dce43d507b\mixture.wav,8f36f17f-c033-4c1b-a793-80dce43d507b\vocals.wav,8f36f17f-c033-4c1b-a793-80dce43d507b\drums.wav,8f36f17f-c033-4c1b-a793-80dce43d507b\bass.wav,8f36f17f-c033-4c1b-a793-80dce43d507b\other.wav,302
93dda0e8-dd76-49e4-b08f-54a82387cdf6\mixture.wav,93dda0e8-dd76-49e4-b08f-54a82387cdf6\vocals.wav,93dda0e8-dd76-49e4-b08f-54a82387cdf6\drums.wav,93dda0e8-dd76-49e4-b08f-54a82387cdf6\bass.wav,93dda0e8-dd76-49e4-b08f-54a82387cdf6\other.wav,205
94fafb2a-9f4e-4a01-bee9-998008f95f41\mixture.wav,94fafb2a-9f4e-4a01-bee9-998008f95f41\vocals.wav,94fafb2a-9f4e-4a01-bee9-998008f95f41\drums.wav,94fafb2a-9f4e-4a01-bee9-998008f95f41\bass.wav,94fafb2a-9f4e-4a01-bee9-998008f95f41\other.wav,117
95378cf3-e939-42e0-b486-ebf2ca951664\mixture.wav,95378cf3-e939-42e0-b486-ebf2ca951664\vocals.wav,95378cf3-e939-42e0-b486-ebf2ca951664\drums.wav,95378cf3-e939-42e0-b486-ebf2ca951664\bass.wav,95378cf3-e939-42e0-b486-ebf2ca951664\other.wav,199
97b07e0e-274e-4212-a66b-44210a48724d\mixture.wav,97b07e0e-274e-4212-a66b-44210a48724d\vocals.wav,97b07e0e-274e-4212-a66b-44210a48724d\drums.wav,97b07e0e-274e-4212-a66b-44210a48724d\bass.wav,97b07e0e-274e-4212-a66b-44210a48724d\other.wav,262
9ac2612b-e25f-4d27-8d43-b957e7e5a74b\mixture.wav,9ac2612b-e25f-4d27-8d43-b957e7e5a74b\vocals.wav,9ac2612b-e25f-4d27-8d43-b957e7e5a74b\drums.wav,9ac2612b-e25f-4d27-8d43-b957e7e5a74b\bass.wav,9ac2612b-e25f-4d27-8d43-b957e7e5a74b\other.wav,215
9c8a5c66-f6d8-4425-8671-6b7aa6a2663b\mixture.wav,9c8a5c66-f6d8-4425-8671-6b7aa6a2663b\vocals.wav,9c8a5c66-f6d8-4425-8671-6b7aa6a2663b\drums.wav,9c8a5c66-f6d8-4425-8671-6b7aa6a2663b\bass.wav,9c8a5c66-f6d8-4425-8671-6b7aa6a2663b\other.wav,171
9ce23a79-20eb-431a-80d2-eda3260ef503\mixture.wav,9ce23a79-20eb-431a-80d2-eda3260ef503\vocals.wav,9ce23a79-20eb-431a-80d2-eda3260ef503\drums.wav,9ce23a79-20eb-431a-80d2-eda3260ef503\bass.wav,9ce23a79-20eb-431a-80d2-eda3260ef503\other.wav,91
9eb8bc50-cffb-4c19-be0e-d27423e3e102\mixture.wav,9eb8bc50-cffb-4c19-be0e-d27423e3e102\vocals.wav,9eb8bc50-cffb-4c19-be0e-d27423e3e102\drums.wav,9eb8bc50-cffb-4c19-be0e-d27423e3e102\bass.wav,9eb8bc50-cffb-4c19-be0e-d27423e3e102\other.wav,290
9f581867-9f63-4ec4-8a43-e62c3c4230a6\mixture.wav,9f581867-9f63-4ec4-8a43-e62c3c4230a6\vocals.wav,9f581867-9f63-4ec4-8a43-e62c3c4230a6\drums.wav,9f581867-9f63-4ec4-8a43-e62c3c4230a6\bass.wav,9f581867-9f63-4ec4-8a43-e62c3c4230a6\other.wav,71
9fc0cff7-bb02-496f-9fa1-db67c52b1b4b\mixture.wav,9fc0cff7-bb02-496f-9fa1-db67c52b1b4b\vocals.wav,9fc0cff7-bb02-496f-9fa1-db67c52b1b4b\drums.wav,9fc0cff7-bb02-496f-9fa1-db67c52b1b4b\bass.wav,9fc0cff7-bb02-496f-9fa1-db67c52b1b4b\other.wav,313
A Classic Education - NightOwl\mixture.wav,A Classic Education - NightOwl\vocals.wav,A Classic Education - NightOwl\drums.wav,A Classic Education - NightOwl\bass.wav,A Classic Education - NightOwl\other.wav,171
a0b9a4e4-51f5-4c98-a090-0317fb891056\mixture.wav,a0b9a4e4-51f5-4c98-a090-0317fb891056\vocals.wav,a0b9a4e4-51f5-4c98-a090-0317fb891056\drums.wav,a0b9a4e4-51f5-4c98-a090-0317fb891056\bass.wav,a0b9a4e4-51f5-4c98-a090-0317fb891056\other.wav,183
a0eae9d2-d97f-401a-a495-1e1d1cb84a9c\mixture.wav,a0eae9d2-d97f-401a-a495-1e1d1cb84a9c\vocals.wav,a0eae9d2-d97f-401a-a495-1e1d1cb84a9c\drums.wav,a0eae9d2-d97f-401a-a495-1e1d1cb84a9c\bass.wav,a0eae9d2-d97f-401a-a495-1e1d1cb84a9c\other.wav,200
a199697c-3cdc-47c7-a9c7-c1b07dd6c9dd\mixture.wav,a199697c-3cdc-47c7-a9c7-c1b07dd6c9dd\vocals.wav,a199697c-3cdc-47c7-a9c7-c1b07dd6c9dd\drums.wav,a199697c-3cdc-47c7-a9c7-c1b07dd6c9dd\bass.wav,a199697c-3cdc-47c7-a9c7-c1b07dd6c9dd\other.wav,222
a1dcaeb2-f4e6-4818-b490-09f44d624afc\mixture.wav,a1dcaeb2-f4e6-4818-b490-09f44d624afc\vocals.wav,a1dcaeb2-f4e6-4818-b490-09f44d624afc\drums.wav,a1dcaeb2-f4e6-4818-b490-09f44d624afc\bass.wav,a1dcaeb2-f4e6-4818-b490-09f44d624afc\other.wav,248
a56d9450-3a26-485c-8ac3-24b6b54e2c1d\mixture.wav,a56d9450-3a26-485c-8ac3-24b6b54e2c1d\vocals.wav,a56d9450-3a26-485c-8ac3-24b6b54e2c1d\drums.wav,a56d9450-3a26-485c-8ac3-24b6b54e2c1d\bass.wav,a56d9450-3a26-485c-8ac3-24b6b54e2c1d\other.wav,78
a6bccb70-62b5-42aa-bfc9-3b0b886a2b2d\mixture.wav,a6bccb70-62b5-42aa-bfc9-3b0b886a2b2d\vocals.wav,a6bccb70-62b5-42aa-bfc9-3b0b886a2b2d\drums.wav,a6bccb70-62b5-42aa-bfc9-3b0b886a2b2d\bass.wav,a6bccb70-62b5-42aa-bfc9-3b0b886a2b2d\other.wav,211
aa600069-0a98-45e6-94fa-4000bfe46c25\mixture.wav,aa600069-0a98-45e6-94fa-4000bfe46c25\vocals.wav,aa600069-0a98-45e6-94fa-4000bfe46c25\drums.wav,aa600069-0a98-45e6-94fa-4000bfe46c25\bass.wav,aa600069-0a98-45e6-94fa-4000bfe46c25\other.wav,233
aaf0fc7b-d7f5-412c-b3b9-313a7c483666\mixture.wav,aaf0fc7b-d7f5-412c-b3b9-313a7c483666\vocals.wav,aaf0fc7b-d7f5-412c-b3b9-313a7c483666\drums.wav,aaf0fc7b-d7f5-412c-b3b9-313a7c483666\bass.wav,aaf0fc7b-d7f5-412c-b3b9-313a7c483666\other.wav,126
Actions - Devil's Words\mixture.wav,Actions - Devil's Words\vocals.wav,Actions - Devil's Words\drums.wav,Actions - Devil's Words\bass.wav,Actions - Devil's Words\other.wav,196
Actions - One Minute Smile\mixture.wav,Actions - One Minute Smile\vocals.wav,Actions - One Minute Smile\drums.wav,Actions - One Minute Smile\bass.wav,Actions - One Minute Smile\other.wav,163
Actions - South Of The Water\mixture.wav,Actions - South Of The Water\vocals.wav,Actions - South Of The Water\drums.wav,Actions - South Of The Water\bass.wav,Actions - South Of The Water\other.wav,176
ad6c3742-e517-42eb-9dec-e74ed05387cc\mixture.wav,ad6c3742-e517-42eb-9dec-e74ed05387cc\vocals.wav,ad6c3742-e517-42eb-9dec-e74ed05387cc\drums.wav,ad6c3742-e517-42eb-9dec-e74ed05387cc\bass.wav,ad6c3742-e517-42eb-9dec-e74ed05387cc\other.wav,220
aefc1609-976b-423e-8516-f7d588d64ff7\mixture.wav,aefc1609-976b-423e-8516-f7d588d64ff7\vocals.wav,aefc1609-976b-423e-8516-f7d588d64ff7\drums.wav,aefc1609-976b-423e-8516-f7d588d64ff7\bass.wav,aefc1609-976b-423e-8516-f7d588d64ff7\other.wav,255
afca84b2-0277-4b1b-8696-5f14543f338c\mixture.wav,afca84b2-0277-4b1b-8696-5f14543f338c\vocals.wav,afca84b2-0277-4b1b-8696-5f14543f338c\drums.wav,afca84b2-0277-4b1b-8696-5f14543f338c\bass.wav,afca84b2-0277-4b1b-8696-5f14543f338c\other.wav,237
Aimee Norwich - Child\mixture.wav,Aimee Norwich - Child\vocals.wav,Aimee Norwich - Child\drums.wav,Aimee Norwich - Child\bass.wav,Aimee Norwich - Child\other.wav,189
Alexander Ross - Goodbye Bolero\mixture.wav,Alexander Ross - Goodbye Bolero\vocals.wav,Alexander Ross - Goodbye Bolero\drums.wav,Alexander Ross - Goodbye Bolero\bass.wav,Alexander Ross - Goodbye Bolero\other.wav,418
Alexander Ross - Velvet Curtain\mixture.wav,Alexander Ross - Velvet Curtain\vocals.wav,Alexander Ross - Velvet Curtain\drums.wav,Alexander Ross - Velvet Curtain\bass.wav,Alexander Ross - Velvet Curtain\other.wav,514
Angela Thomas Wade - Milk Cow Blues\mixture.wav,Angela Thomas Wade - Milk Cow Blues\vocals.wav,Angela Thomas Wade - Milk Cow Blues\drums.wav,Angela Thomas Wade - Milk Cow Blues\bass.wav,Angela Thomas Wade - Milk Cow Blues\other.wav,211
ANiMAL - Clinic A\mixture.wav,ANiMAL - Clinic A\vocals.wav,ANiMAL - Clinic A\drums.wav,ANiMAL - Clinic A\bass.wav,ANiMAL - Clinic A\other.wav,238
ANiMAL - Easy Tiger\mixture.wav,ANiMAL - Easy Tiger\vocals.wav,ANiMAL - Easy Tiger\drums.wav,ANiMAL - Easy Tiger\bass.wav,ANiMAL - Easy Tiger\other.wav,205
ANiMAL - Rockshow\mixture.wav,ANiMAL - Rockshow\vocals.wav,ANiMAL - Rockshow\drums.wav,ANiMAL - Rockshow\bass.wav,ANiMAL - Rockshow\other.wav,165
Atlantis Bound - It Was My Fault For Waiting\mixture.wav,Atlantis Bound - It Was My Fault For Waiting\vocals.wav,Atlantis Bound - It Was My Fault For Waiting\drums.wav,Atlantis Bound - It Was My Fault For Waiting\bass.wav,Atlantis Bound - It Was My Fault For Waiting\other.wav,268
Auctioneer - Our Future Faces\mixture.wav,Auctioneer - Our Future Faces\vocals.wav,Auctioneer - Our Future Faces\drums.wav,Auctioneer - Our Future Faces\bass.wav,Auctioneer - Our Future Faces\other.wav,207
AvaLuna - Waterduct\mixture.wav,AvaLuna - Waterduct\vocals.wav,AvaLuna - Waterduct\drums.wav,AvaLuna - Waterduct\bass.wav,AvaLuna - Waterduct\other.wav,259
b207da3d-4baf-485a-98e1-657602479b3a\mixture.wav,b207da3d-4baf-485a-98e1-657602479b3a\vocals.wav,b207da3d-4baf-485a-98e1-657602479b3a\drums.wav,b207da3d-4baf-485a-98e1-657602479b3a\bass.wav,b207da3d-4baf-485a-98e1-657602479b3a\other.wav,291
b876b54b-6007-4d36-a6f4-efed8829d5fc\mixture.wav,b876b54b-6007-4d36-a6f4-efed8829d5fc\vocals.wav,b876b54b-6007-4d36-a6f4-efed8829d5fc\drums.wav,b876b54b-6007-4d36-a6f4-efed8829d5fc\bass.wav,b876b54b-6007-4d36-a6f4-efed8829d5fc\other.wav,224
b8a79d39-346e-4258-a810-572b3b2c9ab1\mixture.wav,b8a79d39-346e-4258-a810-572b3b2c9ab1\vocals.wav,b8a79d39-346e-4258-a810-572b3b2c9ab1\drums.wav,b8a79d39-346e-4258-a810-572b3b2c9ab1\bass.wav,b8a79d39-346e-4258-a810-572b3b2c9ab1\other.wav,339
b8d6f3eb-f2d6-4342-af90-6d09f5257b6b\mixture.wav,b8d6f3eb-f2d6-4342-af90-6d09f5257b6b\vocals.wav,b8d6f3eb-f2d6-4342-af90-6d09f5257b6b\drums.wav,b8d6f3eb-f2d6-4342-af90-6d09f5257b6b\bass.wav,b8d6f3eb-f2d6-4342-af90-6d09f5257b6b\other.wav,238
b92cb1ca-baa9-4c74-b6dc-36389671ed76\mixture.wav,b92cb1ca-baa9-4c74-b6dc-36389671ed76\vocals.wav,b92cb1ca-baa9-4c74-b6dc-36389671ed76\drums.wav,b92cb1ca-baa9-4c74-b6dc-36389671ed76\bass.wav,b92cb1ca-baa9-4c74-b6dc-36389671ed76\other.wav,208
bacbb01f-b877-4d62-8050-992f1d85543a\mixture.wav,bacbb01f-b877-4d62-8050-992f1d85543a\vocals.wav,bacbb01f-b877-4d62-8050-992f1d85543a\drums.wav,bacbb01f-b877-4d62-8050-992f1d85543a\bass.wav,bacbb01f-b877-4d62-8050-992f1d85543a\other.wav,149
baea951d-526a-49aa-8329-c8de676341fb\mixture.wav,baea951d-526a-49aa-8329-c8de676341fb\vocals.wav,baea951d-526a-49aa-8329-c8de676341fb\drums.wav,baea951d-526a-49aa-8329-c8de676341fb\bass.wav,baea951d-526a-49aa-8329-c8de676341fb\other.wav,100
bb45cf1a-4c58-4fe3-88ea-97ef27527507\mixture.wav,bb45cf1a-4c58-4fe3-88ea-97ef27527507\vocals.wav,bb45cf1a-4c58-4fe3-88ea-97ef27527507\drums.wav,bb45cf1a-4c58-4fe3-88ea-97ef27527507\bass.wav,bb45cf1a-4c58-4fe3-88ea-97ef27527507\other.wav,194
bbf40b5a-8ef9-4aec-a6c3-8b8706eb2ba0\mixture.wav,bbf40b5a-8ef9-4aec-a6c3-8b8706eb2ba0\vocals.wav,bbf40b5a-8ef9-4aec-a6c3-8b8706eb2ba0\drums.wav,bbf40b5a-8ef9-4aec-a6c3-8b8706eb2ba0\bass.wav,bbf40b5a-8ef9-4aec-a6c3-8b8706eb2ba0\other.wav,164
bc1f2967-f834-43bd-aadc-95afc897cfe7\mixture.wav,bc1f2967-f834-43bd-aadc-95afc897cfe7\vocals.wav,bc1f2967-f834-43bd-aadc-95afc897cfe7\drums.wav,bc1f2967-f834-43bd-aadc-95afc897cfe7\bass.wav,bc1f2967-f834-43bd-aadc-95afc897cfe7\other.wav,271
bc964128-da16-4e4c-af95-4d1211e78c70\mixture.wav,bc964128-da16-4e4c-af95-4d1211e78c70\vocals.wav,bc964128-da16-4e4c-af95-4d1211e78c70\drums.wav,bc964128-da16-4e4c-af95-4d1211e78c70\bass.wav,bc964128-da16-4e4c-af95-4d1211e78c70\other.wav,227
bd25c90e-d307-4cd9-adfb-46f5e323a81b\mixture.wav,bd25c90e-d307-4cd9-adfb-46f5e323a81b\vocals.wav,bd25c90e-d307-4cd9-adfb-46f5e323a81b\drums.wav,bd25c90e-d307-4cd9-adfb-46f5e323a81b\bass.wav,bd25c90e-d307-4cd9-adfb-46f5e323a81b\other.wav,185
bdcc429e-ed95-40d3-a1af-bad268d66b25\mixture.wav,bdcc429e-ed95-40d3-a1af-bad268d66b25\vocals.wav,bdcc429e-ed95-40d3-a1af-bad268d66b25\drums.wav,bdcc429e-ed95-40d3-a1af-bad268d66b25\bass.wav,bdcc429e-ed95-40d3-a1af-bad268d66b25\other.wav,116
bdd109ec-d5dd-4d91-92ad-66b679518026\mixture.wav,bdd109ec-d5dd-4d91-92ad-66b679518026\vocals.wav,bdd109ec-d5dd-4d91-92ad-66b679518026\drums.wav,bdd109ec-d5dd-4d91-92ad-66b679518026\bass.wav,bdd109ec-d5dd-4d91-92ad-66b679518026\other.wav,270
BigTroubles - Phantom\mixture.wav,BigTroubles - Phantom\vocals.wav,BigTroubles - Phantom\drums.wav,BigTroubles - Phantom\bass.wav,BigTroubles - Phantom\other.wav,146
Bill Chudziak - Children Of No-one\mixture.wav,Bill Chudziak - Children Of No-one\vocals.wav,Bill Chudziak - Children Of No-one\drums.wav,Bill Chudziak - Children Of No-one\bass.wav,Bill Chudziak - Children Of No-one\other.wav,230
Black Bloc - If You Want Success\mixture.wav,Black Bloc - If You Want Success\vocals.wav,Black Bloc - If You Want Success\drums.wav,Black Bloc - If You Want Success\bass.wav,Black Bloc - If You Want Success\other.wav,398
c15ade79-43c0-4271-9f00-a121cefc92e5\mixture.wav,c15ade79-43c0-4271-9f00-a121cefc92e5\vocals.wav,c15ade79-43c0-4271-9f00-a121cefc92e5\drums.wav,c15ade79-43c0-4271-9f00-a121cefc92e5\bass.wav,c15ade79-43c0-4271-9f00-a121cefc92e5\other.wav,205
c228818e-eabe-434b-9d60-2fb84a6c5b2a\mixture.wav,c228818e-eabe-434b-9d60-2fb84a6c5b2a\vocals.wav,c228818e-eabe-434b-9d60-2fb84a6c5b2a\drums.wav,c228818e-eabe-434b-9d60-2fb84a6c5b2a\bass.wav,c228818e-eabe-434b-9d60-2fb84a6c5b2a\other.wav,276
c2330200-ad8e-4848-8c2b-b70612f4b80e\mixture.wav,c2330200-ad8e-4848-8c2b-b70612f4b80e\vocals.wav,c2330200-ad8e-4848-8c2b-b70612f4b80e\drums.wav,c2330200-ad8e-4848-8c2b-b70612f4b80e\bass.wav,c2330200-ad8e-4848-8c2b-b70612f4b80e\other.wav,206
c6d73235-1dd5-4085-a3b3-50a3466c6168\mixture.wav,c6d73235-1dd5-4085-a3b3-50a3466c6168\vocals.wav,c6d73235-1dd5-4085-a3b3-50a3466c6168\drums.wav,c6d73235-1dd5-4085-a3b3-50a3466c6168\bass.wav,c6d73235-1dd5-4085-a3b3-50a3466c6168\other.wav,210
c70471f9-9c4a-41c9-b8f8-20ac38847a8e\mixture.wav,c70471f9-9c4a-41c9-b8f8-20ac38847a8e\vocals.wav,c70471f9-9c4a-41c9-b8f8-20ac38847a8e\drums.wav,c70471f9-9c4a-41c9-b8f8-20ac38847a8e\bass.wav,c70471f9-9c4a-41c9-b8f8-20ac38847a8e\other.wav,270
c8752696-4ae5-4e47-b2ad-622496966fa9\mixture.wav,c8752696-4ae5-4e47-b2ad-622496966fa9\vocals.wav,c8752696-4ae5-4e47-b2ad-622496966fa9\drums.wav,c8752696-4ae5-4e47-b2ad-622496966fa9\bass.wav,c8752696-4ae5-4e47-b2ad-622496966fa9\other.wav,194
c8f42ad5-5a2f-4398-b9d9-207fd4fcc551\mixture.wav,c8f42ad5-5a2f-4398-b9d9-207fd4fcc551\vocals.wav,c8f42ad5-5a2f-4398-b9d9-207fd4fcc551\drums.wav,c8f42ad5-5a2f-4398-b9d9-207fd4fcc551\bass.wav,c8f42ad5-5a2f-4398-b9d9-207fd4fcc551\other.wav,135
ca080447-fe99-4f6d-98c9-c69b68dacba3\mixture.wav,ca080447-fe99-4f6d-98c9-c69b68dacba3\vocals.wav,ca080447-fe99-4f6d-98c9-c69b68dacba3\drums.wav,ca080447-fe99-4f6d-98c9-c69b68dacba3\bass.wav,ca080447-fe99-4f6d-98c9-c69b68dacba3\other.wav,248
cc3e4991-6cce-40fe-a917-81a4fbb92ea6\mixture.wav,cc3e4991-6cce-40fe-a917-81a4fbb92ea6\vocals.wav,cc3e4991-6cce-40fe-a917-81a4fbb92ea6\drums.wav,cc3e4991-6cce-40fe-a917-81a4fbb92ea6\bass.wav,cc3e4991-6cce-40fe-a917-81a4fbb92ea6\other.wav,241
cc7f7675-d3c8-4a49-a2d7-a8959b694004\mixture.wav,cc7f7675-d3c8-4a49-a2d7-a8959b694004\vocals.wav,cc7f7675-d3c8-4a49-a2d7-a8959b694004\drums.wav,cc7f7675-d3c8-4a49-a2d7-a8959b694004\bass.wav,cc7f7675-d3c8-4a49-a2d7-a8959b694004\other.wav,197
cda46831-26d1-4dd8-ac50-6004d27d45dd\mixture.wav,cda46831-26d1-4dd8-ac50-6004d27d45dd\vocals.wav,cda46831-26d1-4dd8-ac50-6004d27d45dd\drums.wav,cda46831-26d1-4dd8-ac50-6004d27d45dd\bass.wav,cda46831-26d1-4dd8-ac50-6004d27d45dd\other.wav,101
Celestial Shore - Die For Us\mixture.wav,Celestial Shore - Die For Us\vocals.wav,Celestial Shore - Die For Us\drums.wav,Celestial Shore - Die For Us\bass.wav,Celestial Shore - Die For Us\other.wav,278
cff5bcde-6a15-4c5b-b529-e1c528c46335\mixture.wav,cff5bcde-6a15-4c5b-b529-e1c528c46335\vocals.wav,cff5bcde-6a15-4c5b-b529-e1c528c46335\drums.wav,cff5bcde-6a15-4c5b-b529-e1c528c46335\bass.wav,cff5bcde-6a15-4c5b-b529-e1c528c46335\other.wav,268
Chris Durban - Celebrate\mixture.wav,Chris Durban - Celebrate\vocals.wav,Chris Durban - Celebrate\drums.wav,Chris Durban - Celebrate\bass.wav,Chris Durban - Celebrate\other.wav,301
Clara Berry And Wooldog - Air Traffic\mixture.wav,Clara Berry And Wooldog - Air Traffic\vocals.wav,Clara Berry And Wooldog - Air Traffic\drums.wav,Clara Berry And Wooldog - Air Traffic\bass.wav,Clara Berry And Wooldog - Air Traffic\other.wav,173
Clara Berry And Wooldog - Stella\mixture.wav,Clara Berry And Wooldog - Stella\vocals.wav,Clara Berry And Wooldog - Stella\drums.wav,Clara Berry And Wooldog - Stella\bass.wav,Clara Berry And Wooldog - Stella\other.wav,195
Clara Berry And Wooldog - Waltz For My Victims\mixture.wav,Clara Berry And Wooldog - Waltz For My Victims\vocals.wav,Clara Berry And Wooldog - Waltz For My Victims\drums.wav,Clara Berry And Wooldog - Waltz For My Victims\bass.wav,Clara Berry And Wooldog - Waltz For My Victims\other.wav,175
Cnoc An Tursa - Bannockburn\mixture.wav,Cnoc An Tursa - Bannockburn\vocals.wav,Cnoc An Tursa - Bannockburn\drums.wav,Cnoc An Tursa - Bannockburn\bass.wav,Cnoc An Tursa - Bannockburn\other.wav,294
Creepoid - OldTree\mixture.wav,Creepoid - OldTree\vocals.wav,Creepoid - OldTree\drums.wav,Creepoid - OldTree\bass.wav,Creepoid - OldTree\other.wav,302
d028d7c2-45c1-4846-b7df-4964238fd460\mixture.wav,d028d7c2-45c1-4846-b7df-4964238fd460\vocals.wav,d028d7c2-45c1-4846-b7df-4964238fd460\drums.wav,d028d7c2-45c1-4846-b7df-4964238fd460\bass.wav,d028d7c2-45c1-4846-b7df-4964238fd460\other.wav,153
d072debf-ea5b-4e8a-a447-cc1868cfc5fa\mixture.wav,d072debf-ea5b-4e8a-a447-cc1868cfc5fa\vocals.wav,d072debf-ea5b-4e8a-a447-cc1868cfc5fa\drums.wav,d072debf-ea5b-4e8a-a447-cc1868cfc5fa\bass.wav,d072debf-ea5b-4e8a-a447-cc1868cfc5fa\other.wav,232
d2401d3d-967c-46be-b9a0-3da571105158\mixture.wav,d2401d3d-967c-46be-b9a0-3da571105158\vocals.wav,d2401d3d-967c-46be-b9a0-3da571105158\drums.wav,d2401d3d-967c-46be-b9a0-3da571105158\bass.wav,d2401d3d-967c-46be-b9a0-3da571105158\other.wav,271
d4262245-3143-4c05-8423-6cbdc6253042\mixture.wav,d4262245-3143-4c05-8423-6cbdc6253042\vocals.wav,d4262245-3143-4c05-8423-6cbdc6253042\drums.wav,d4262245-3143-4c05-8423-6cbdc6253042\bass.wav,d4262245-3143-4c05-8423-6cbdc6253042\other.wav,243
d45bb3a6-eb80-44b3-b2ef-56cc9d5b4914\mixture.wav,d45bb3a6-eb80-44b3-b2ef-56cc9d5b4914\vocals.wav,d45bb3a6-eb80-44b3-b2ef-56cc9d5b4914\drums.wav,d45bb3a6-eb80-44b3-b2ef-56cc9d5b4914\bass.wav,d45bb3a6-eb80-44b3-b2ef-56cc9d5b4914\other.wav,75
d4df499c-e394-4753-b459-e167e6a58bad\mixture.wav,d4df499c-e394-4753-b459-e167e6a58bad\vocals.wav,d4df499c-e394-4753-b459-e167e6a58bad\drums.wav,d4df499c-e394-4753-b459-e167e6a58bad\bass.wav,d4df499c-e394-4753-b459-e167e6a58bad\other.wav,180
d4fe2408-c123-4739-93bb-22f558ae99d7\mixture.wav,d4fe2408-c123-4739-93bb-22f558ae99d7\vocals.wav,d4fe2408-c123-4739-93bb-22f558ae99d7\drums.wav,d4fe2408-c123-4739-93bb-22f558ae99d7\bass.wav,d4fe2408-c123-4739-93bb-22f558ae99d7\other.wav,206
d624037a-1a76-4dd9-9e60-4ba380748a0b\mixture.wav,d624037a-1a76-4dd9-9e60-4ba380748a0b\vocals.wav,d624037a-1a76-4dd9-9e60-4ba380748a0b\drums.wav,d624037a-1a76-4dd9-9e60-4ba380748a0b\bass.wav,d624037a-1a76-4dd9-9e60-4ba380748a0b\other.wav,243
d7d28204-a8ac-4c2b-bb3c-c941f4a00b85\mixture.wav,d7d28204-a8ac-4c2b-bb3c-c941f4a00b85\vocals.wav,d7d28204-a8ac-4c2b-bb3c-c941f4a00b85\drums.wav,d7d28204-a8ac-4c2b-bb3c-c941f4a00b85\bass.wav,d7d28204-a8ac-4c2b-bb3c-c941f4a00b85\other.wav,196
d890ff35-300d-49f2-8054-49ab47262987\mixture.wav,d890ff35-300d-49f2-8054-49ab47262987\vocals.wav,d890ff35-300d-49f2-8054-49ab47262987\drums.wav,d890ff35-300d-49f2-8054-49ab47262987\bass.wav,d890ff35-300d-49f2-8054-49ab47262987\other.wav,288
d8f0e410-5761-4d4a-9000-effe11089bbd\mixture.wav,d8f0e410-5761-4d4a-9000-effe11089bbd\vocals.wav,d8f0e410-5761-4d4a-9000-effe11089bbd\drums.wav,d8f0e410-5761-4d4a-9000-effe11089bbd\bass.wav,d8f0e410-5761-4d4a-9000-effe11089bbd\other.wav,295
Dark Ride - Burning Bridges\mixture.wav,Dark Ride - Burning Bridges\vocals.wav,Dark Ride - Burning Bridges\drums.wav,Dark Ride - Burning Bridges\bass.wav,Dark Ride - Burning Bridges\other.wav,232
dda2c057-6d73-43fa-a130-d7d6562c09ca\mixture.wav,dda2c057-6d73-43fa-a130-d7d6562c09ca\vocals.wav,dda2c057-6d73-43fa-a130-d7d6562c09ca\drums.wav,dda2c057-6d73-43fa-a130-d7d6562c09ca\bass.wav,dda2c057-6d73-43fa-a130-d7d6562c09ca\other.wav,561
dfb0e076-cb6b-4dcc-9934-c60070ff04d7\mixture.wav,dfb0e076-cb6b-4dcc-9934-c60070ff04d7\vocals.wav,dfb0e076-cb6b-4dcc-9934-c60070ff04d7\drums.wav,dfb0e076-cb6b-4dcc-9934-c60070ff04d7\bass.wav,dfb0e076-cb6b-4dcc-9934-c60070ff04d7\other.wav,231
Dreamers Of The Ghetto - Heavy Love\mixture.wav,Dreamers Of The Ghetto - Heavy Love\vocals.wav,Dreamers Of The Ghetto - Heavy Love\drums.wav,Dreamers Of The Ghetto - Heavy Love\bass.wav,Dreamers Of The Ghetto - Heavy Love\other.wav,294
Drumtracks - Ghost Bitch\mixture.wav,Drumtracks - Ghost Bitch\vocals.wav,Drumtracks - Ghost Bitch\drums.wav,Drumtracks - Ghost Bitch\bass.wav,Drumtracks - Ghost Bitch\other.wav,357
e1108928-9776-434c-bc57-c32dfdb7839c\mixture.wav,e1108928-9776-434c-bc57-c32dfdb7839c\vocals.wav,e1108928-9776-434c-bc57-c32dfdb7839c\drums.wav,e1108928-9776-434c-bc57-c32dfdb7839c\bass.wav,e1108928-9776-434c-bc57-c32dfdb7839c\other.wav,250
e2ccbc17-44bf-431a-af2b-4cf2fbd19a72\mixture.wav,e2ccbc17-44bf-431a-af2b-4cf2fbd19a72\vocals.wav,e2ccbc17-44bf-431a-af2b-4cf2fbd19a72\drums.wav,e2ccbc17-44bf-431a-af2b-4cf2fbd19a72\bass.wav,e2ccbc17-44bf-431a-af2b-4cf2fbd19a72\other.wav,246
e2e4ce50-cd0d-4144-809d-4cf8c8e4912e\mixture.wav,e2e4ce50-cd0d-4144-809d-4cf8c8e4912e\vocals.wav,e2e4ce50-cd0d-4144-809d-4cf8c8e4912e\drums.wav,e2e4ce50-cd0d-4144-809d-4cf8c8e4912e\bass.wav,e2e4ce50-cd0d-4144-809d-4cf8c8e4912e\other.wav,223
e37cdb09-e648-4e9b-bc06-d178a964161c\mixture.wav,e37cdb09-e648-4e9b-bc06-d178a964161c\vocals.wav,e37cdb09-e648-4e9b-bc06-d178a964161c\drums.wav,e37cdb09-e648-4e9b-bc06-d178a964161c\bass.wav,e37cdb09-e648-4e9b-bc06-d178a964161c\other.wav,244
e3ab3975-033b-40e2-b538-09396b3d4244\mixture.wav,e3ab3975-033b-40e2-b538-09396b3d4244\vocals.wav,e3ab3975-033b-40e2-b538-09396b3d4244\drums.wav,e3ab3975-033b-40e2-b538-09396b3d4244\bass.wav,e3ab3975-033b-40e2-b538-09396b3d4244\other.wav,216
e4de8632-6f69-4c63-8081-f4c2b77b40df\mixture.wav,e4de8632-6f69-4c63-8081-f4c2b77b40df\vocals.wav,e4de8632-6f69-4c63-8081-f4c2b77b40df\drums.wav,e4de8632-6f69-4c63-8081-f4c2b77b40df\bass.wav,e4de8632-6f69-4c63-8081-f4c2b77b40df\other.wav,175
e62afdcd-0c96-4bee-80c7-1c17b897a6d7\mixture.wav,e62afdcd-0c96-4bee-80c7-1c17b897a6d7\vocals.wav,e62afdcd-0c96-4bee-80c7-1c17b897a6d7\drums.wav,e62afdcd-0c96-4bee-80c7-1c17b897a6d7\bass.wav,e62afdcd-0c96-4bee-80c7-1c17b897a6d7\other.wav,235
e78fa5de-cfdd-44fa-87c1-10a337b7011f\mixture.wav,e78fa5de-cfdd-44fa-87c1-10a337b7011f\vocals.wav,e78fa5de-cfdd-44fa-87c1-10a337b7011f\drums.wav,e78fa5de-cfdd-44fa-87c1-10a337b7011f\bass.wav,e78fa5de-cfdd-44fa-87c1-10a337b7011f\other.wav,216
e9336d31-c0df-4c91-be2b-7c4420c9cd34\mixture.wav,e9336d31-c0df-4c91-be2b-7c4420c9cd34\vocals.wav,e9336d31-c0df-4c91-be2b-7c4420c9cd34\drums.wav,e9336d31-c0df-4c91-be2b-7c4420c9cd34\bass.wav,e9336d31-c0df-4c91-be2b-7c4420c9cd34\other.wav,185
ea29ab4d-7f72-4331-b2a4-d3945c754211\mixture.wav,ea29ab4d-7f72-4331-b2a4-d3945c754211\vocals.wav,ea29ab4d-7f72-4331-b2a4-d3945c754211\drums.wav,ea29ab4d-7f72-4331-b2a4-d3945c754211\bass.wav,ea29ab4d-7f72-4331-b2a4-d3945c754211\other.wav,156
ea898682-08e7-4818-b516-8c0e10a4c20a\mixture.wav,ea898682-08e7-4818-b516-8c0e10a4c20a\vocals.wav,ea898682-08e7-4818-b516-8c0e10a4c20a\drums.wav,ea898682-08e7-4818-b516-8c0e10a4c20a\bass.wav,ea898682-08e7-4818-b516-8c0e10a4c20a\other.wav,182
ebea0f1d-8e23-469e-8eed-5269a9c684f0\mixture.wav,ebea0f1d-8e23-469e-8eed-5269a9c684f0\vocals.wav,ebea0f1d-8e23-469e-8eed-5269a9c684f0\drums.wav,ebea0f1d-8e23-469e-8eed-5269a9c684f0\bass.wav,ebea0f1d-8e23-469e-8eed-5269a9c684f0\other.wav,205
ed90a89a-bf22-444d-af3d-d9ac3896ebd2\mixture.wav,ed90a89a-bf22-444d-af3d-d9ac3896ebd2\vocals.wav,ed90a89a-bf22-444d-af3d-d9ac3896ebd2\drums.wav,ed90a89a-bf22-444d-af3d-d9ac3896ebd2\bass.wav,ed90a89a-bf22-444d-af3d-d9ac3896ebd2\other.wav,228
ee082817-dbda-4fbf-b5aa-8dce2320ae35\mixture.wav,ee082817-dbda-4fbf-b5aa-8dce2320ae35\vocals.wav,ee082817-dbda-4fbf-b5aa-8dce2320ae35\drums.wav,ee082817-dbda-4fbf-b5aa-8dce2320ae35\bass.wav,ee082817-dbda-4fbf-b5aa-8dce2320ae35\other.wav,260
ef1510e0-ba23-4b59-ba53-14181d73f213\mixture.wav,ef1510e0-ba23-4b59-ba53-14181d73f213\vocals.wav,ef1510e0-ba23-4b59-ba53-14181d73f213\drums.wav,ef1510e0-ba23-4b59-ba53-14181d73f213\bass.wav,ef1510e0-ba23-4b59-ba53-14181d73f213\other.wav,171
f0c565c5-fc73-4da1-b979-0fac0167f671\mixture.wav,f0c565c5-fc73-4da1-b979-0fac0167f671\vocals.wav,f0c565c5-fc73-4da1-b979-0fac0167f671\drums.wav,f0c565c5-fc73-4da1-b979-0fac0167f671\bass.wav,f0c565c5-fc73-4da1-b979-0fac0167f671\other.wav,60
f40ffd10-4e8b-41e6-bd8a-971929ca9138\mixture.wav,f40ffd10-4e8b-41e6-bd8a-971929ca9138\vocals.wav,f40ffd10-4e8b-41e6-bd8a-971929ca9138\drums.wav,f40ffd10-4e8b-41e6-bd8a-971929ca9138\bass.wav,f40ffd10-4e8b-41e6-bd8a-971929ca9138\other.wav,216
f4b735de-14b1-4091-a9ba-c8b30c0740a7\mixture.wav,f4b735de-14b1-4091-a9ba-c8b30c0740a7\vocals.wav,f4b735de-14b1-4091-a9ba-c8b30c0740a7\drums.wav,f4b735de-14b1-4091-a9ba-c8b30c0740a7\bass.wav,f4b735de-14b1-4091-a9ba-c8b30c0740a7\other.wav,289
f76e2c13-9a9a-4cac-b6dd-45b5111aac6d\mixture.wav,f76e2c13-9a9a-4cac-b6dd-45b5111aac6d\vocals.wav,f76e2c13-9a9a-4cac-b6dd-45b5111aac6d\drums.wav,f76e2c13-9a9a-4cac-b6dd-45b5111aac6d\bass.wav,f76e2c13-9a9a-4cac-b6dd-45b5111aac6d\other.wav,196
f9e58f4d-e361-4598-9c9a-d0a83529cc68\mixture.wav,f9e58f4d-e361-4598-9c9a-d0a83529cc68\vocals.wav,f9e58f4d-e361-4598-9c9a-d0a83529cc68\drums.wav,f9e58f4d-e361-4598-9c9a-d0a83529cc68\bass.wav,f9e58f4d-e361-4598-9c9a-d0a83529cc68\other.wav,80
fa46f72c-696d-45bc-bcc5-2b3305800565\mixture.wav,fa46f72c-696d-45bc-bcc5-2b3305800565\vocals.wav,fa46f72c-696d-45bc-bcc5-2b3305800565\drums.wav,fa46f72c-696d-45bc-bcc5-2b3305800565\bass.wav,fa46f72c-696d-45bc-bcc5-2b3305800565\other.wav,211
faad432d-6ad0-492d-96f1-321eeb9685b5\mixture.wav,faad432d-6ad0-492d-96f1-321eeb9685b5\vocals.wav,faad432d-6ad0-492d-96f1-321eeb9685b5\drums.wav,faad432d-6ad0-492d-96f1-321eeb9685b5\bass.wav,faad432d-6ad0-492d-96f1-321eeb9685b5\other.wav,186
fac94d9a-59da-4f83-9027-3eafe082ad16\mixture.wav,fac94d9a-59da-4f83-9027-3eafe082ad16\vocals.wav,fac94d9a-59da-4f83-9027-3eafe082ad16\drums.wav,fac94d9a-59da-4f83-9027-3eafe082ad16\bass.wav,fac94d9a-59da-4f83-9027-3eafe082ad16\other.wav,240
Faces On Film - Waiting For Ga\mixture.wav,Faces On Film - Waiting For Ga\vocals.wav,Faces On Film - Waiting For Ga\drums.wav,Faces On Film - Waiting For Ga\bass.wav,Faces On Film - Waiting For Ga\other.wav,257
fcd1937f-2b21-4a78-889a-7b7e63e0ebdd\mixture.wav,fcd1937f-2b21-4a78-889a-7b7e63e0ebdd\vocals.wav,fcd1937f-2b21-4a78-889a-7b7e63e0ebdd\drums.wav,fcd1937f-2b21-4a78-889a-7b7e63e0ebdd\bass.wav,fcd1937f-2b21-4a78-889a-7b7e63e0ebdd\other.wav,229
fd6e4b4a-f33a-4f3c-aa6e-7c65fd5dc0bc\mixture.wav,fd6e4b4a-f33a-4f3c-aa6e-7c65fd5dc0bc\vocals.wav,fd6e4b4a-f33a-4f3c-aa6e-7c65fd5dc0bc\drums.wav,fd6e4b4a-f33a-4f3c-aa6e-7c65fd5dc0bc\bass.wav,fd6e4b4a-f33a-4f3c-aa6e-7c65fd5dc0bc\other.wav,219
fe3ae408-d35f-4c17-aa33-402238725a9d\mixture.wav,fe3ae408-d35f-4c17-aa33-402238725a9d\vocals.wav,fe3ae408-d35f-4c17-aa33-402238725a9d\drums.wav,fe3ae408-d35f-4c17-aa33-402238725a9d\bass.wav,fe3ae408-d35f-4c17-aa33-402238725a9d\other.wav,208
Fergessen - Back From The Start\mixture.wav,Fergessen - Back From The Start\vocals.wav,Fergessen - Back From The Start\drums.wav,Fergessen - Back From The Start\bass.wav,Fergessen - Back From The Start\other.wav,168
Fergessen - Nos Palpitants\mixture.wav,Fergessen - Nos Palpitants\vocals.wav,Fergessen - Nos Palpitants\drums.wav,Fergessen - Nos Palpitants\bass.wav,Fergessen - Nos Palpitants\other.wav,198
Fergessen - The Wind\mixture.wav,Fergessen - The Wind\vocals.wav,Fergessen - The Wind\drums.wav,Fergessen - The Wind\bass.wav,Fergessen - The Wind\other.wav,192
ff486935-7ce2-4e23-8908-0ff5fcc50856\mixture.wav,ff486935-7ce2-4e23-8908-0ff5fcc50856\vocals.wav,ff486935-7ce2-4e23-8908-0ff5fcc50856\drums.wav,ff486935-7ce2-4e23-8908-0ff5fcc50856\bass.wav,ff486935-7ce2-4e23-8908-0ff5fcc50856\other.wav,225
Flags - 54\mixture.wav,Flags - 54\vocals.wav,Flags - 54\drums.wav,Flags - 54\bass.wav,Flags - 54\other.wav,315
Giselle - Moss\mixture.wav,Giselle - Moss\vocals.wav,Giselle - Moss\drums.wav,Giselle - Moss\bass.wav,Giselle - Moss\other.wav,201
Grants - PunchDrunk\mixture.wav,Grants - PunchDrunk\vocals.wav,Grants - PunchDrunk\drums.wav,Grants - PunchDrunk\bass.wav,Grants - PunchDrunk\other.wav,204
